1 | Saqqaa | Front page
2 | Marsi | March
3 | Februaari | February
4 | Januaari | January
5 | Aggusti | August
6 | Juuli | July
7 | Juuni | June
8 | Maaji | May
9 | Apriili | April
10 | Novembari | November
11 | Oktobari | October
12 | Septembari | September
13 | Decembari | December
14 | Yancowinna | Yancowinna
15 | West | West
16 | Queensland | Queensland
17 | Sydney | Sydney
18 | Tasmania | Tasmania
19 | Victoria | Victoria
20 | North | North
21 | Perth | Perth
22 | South | South
23 | Eucla | Eucla
24 | Melbourne | Melbourne
25 | NSW | NSW
26 | Darwin | Darwin
27 | Lord Howe | Lord Howe
28 | Lindeman | Lindeman
29 | LHI | LHI
30 | Hobart | Hobart
31 | Brisbane | Brisbane
32 | Broken Hill | Broken Hill
33 | Canberra | Canberra
34 | Currie | Currie
35 | Australia | Australia
36 | ACT | ACT
37 | Adelaide | Adelaide
38 | South Georgia | South Georgia
39 | St Helena | St Helena
40 | Stanley | Stanley
41 | Faroe | Faroe
42 | Jan Mayen | Jan Mayen
43 | Madeira | Madeira
44 | Reykjavik | Reykjavik
45 | Canary | Canary
46 | Cape Verde | Cape Verde
47 | Faeroe | Faeroe
48 | Bermuda | Bermuda
49 | Azores | Azores
50 | Yakutsk | Yakutsk
51 | Atlantic | Atlantic
52 | Yerevan | Yerevan
53 | Ulan Bator | Ulan Bator
54 | Vladivostok | Vladivostok
55 | Yekaterinburg | Yekaterinburg
56 | Vientiane | Vientiane
57 | Urumqi | Urumqi
58 | Ujung Pandang | Ujung Pandang
59 | Tokyo | Tokyo
60 | Ulaanbaatar | Ulaanbaatar
61 | Thimphu | Thimphu
62 | Tel Aviv | Tel Aviv
63 | Thimbu | Thimbu
64 | Tbilisi | Tbilisi
65 | Tehran | Tehran
66 | Singapore | Singapore
67 | Taipei | Taipei
68 | Tashkent | Tashkent
69 | Samarkand | Samarkand
70 | Shanghai | Shanghai
71 | Seoul | Seoul
72 | Rangoon | Rangoon
73 | Saigon | Saigon
74 | Sakhalin | Sakhalin
75 | Pyongyang | Pyongyang
76 | Qatar | Qatar
77 | Qyzylorda | Qyzylorda
78 | Riyadh | Riyadh
79 | Oral | Oral
80 | Pontianak | Pontianak
81 | Omsk | Omsk
82 | Phnom Penh | Phnom Penh
83 | Nicosia | Nicosia
84 | Muscat | Muscat
85 | Manila | Manila
86 | Novosibirsk | Novosibirsk
87 | Makassar | Makassar
88 | Magadan | Magadan
89 | Macau | Macau
90 | Macao | Macao
91 | Kuwait | Kuwait
92 | Kuching | Kuching
93 | Kuala Lumpur | Kuala Lumpur
94 | Kolkata | Kolkata
95 | Krasnoyarsk | Krasnoyarsk
96 | Kamchatka | Kamchatka
97 | Karachi | Karachi
98 | Kashgar | Kashgar
99 | Katmandu | Katmandu
100 | Jakarta | Jakarta
101 | Jerusalem | Jerusalem
102 | Jayapura | Jayapura
103 | Kabul | Kabul
104 | Hovd | Hovd
105 | Irkutsk | Irkutsk
106 | Hong Kong | Hong Kong
107 | Istanbul | Istanbul
108 | Harbin | Harbin
109 | Ho Chi Minh | Ho Chi Minh
110 | Dushanbe | Dushanbe
111 | Gaza | Gaza
112 | Dubai | Dubai
113 | Dhaka | Dhaka
114 | Damascus | Damascus
115 | Dili | Dili
116 | Colombo | Colombo
117 | Chungking | Chungking
118 | Dacca | Dacca
119 | Calcutta | Calcutta
120 | Choibalsan | Choibalsan
121 | Chongqing | Chongqing
122 | Bishkek | Bishkek
123 | Brunei | Brunei
124 | Bahrain | Bahrain
125 | Bangkok | Bangkok
126 | Beirut | Beirut
127 | Ashkhabad | Ashkhabad
128 | Baku | Baku
129 | Anadyr | Anadyr
130 | Ashgabat | Ashgabat
131 | Baghdad | Baghdad
132 | Aden | Aden
133 | Aqtobe | Aqtobe
134 | Aqtau | Aqtau
135 | Asia | Asia
136 | Longyearbyen | Longyearbyen
137 | Amman | Amman
138 | Almaty | Almaty
139 | South Pole | South Pole
140 | Vostok | Vostok
141 | Arctic | Arctic
142 | Rothera | Rothera
143 | Palmer | Palmer
144 | Syowa | Syowa
145 | DumontDUrville | DumontDUrville
146 | Mawson | Mawson
147 | McMurdo | McMurdo
148 | Winnipeg | Winnipeg
149 | Casey | Casey
150 | Antarctica | Antarctica
151 | Davis | Davis
152 | Yakutat | Yakutat
153 | Yellowknife | Yellowknife
154 | Whitehorse | Whitehorse
155 | Vancouver | Vancouver
156 | Tortola | Tortola
157 | Virgin | Virgin
158 | Tijuana | Tijuana
159 | Thunder Bay | Thunder Bay
160 | Thule | Thule
161 | Toronto | Toronto
162 | St Lucia | St Lucia
163 | St Kitts | St Kitts
164 | St Vincent | St Vincent
165 | Tegucigalpa | Tegucigalpa
166 | Swift Current | Swift Current
167 | Shiprock | Shiprock
168 | St Barthelemy | St Barthelemy
169 | St Johns | St Johns
170 | St Thomas | St Thomas
171 | Resolute | Resolute
172 | Ittoqqortoormiit | Scoresbysund
173 | Sao Paulo | Sao Paulo
174 | Santo Domingo | Santo Domingo
175 | Santiago | Santiago
176 | Rosario | Rosario
177 | Rainy River | Rainy River
178 | Regina | Regina
179 | Recife | Recife
180 | Rio Branco | Rio Branco
181 | Port of Spain | Port of Spain
182 | Port-au-Prince | Port-au-Prince
183 | Phoenix | Phoenix
184 | Rankin Inlet | Rankin Inlet
185 | New Salem | New Salem
186 | Puerto Rico | Puerto Rico
187 | Porto Velho | Porto Velho
188 | Porto Acre | Porto Acre
189 | North Dakota | North Dakota
190 | Paramaribo | Paramaribo
191 | Pangnirtung | Pangnirtung
192 | Panama | Panama
193 | Nipigon | Nipigon
194 | New York | New York
195 | Noronha | Noronha
196 | Nome | Nome
197 | Center | Center
198 | Montserrat | Montserrat
199 | Montreal | Montreal
200 | Miquelon | Miquelon
201 | Montevideo | Montevideo
202 | Nassau | Nassau
203 | Mexico City | Mexico City
204 | Merida | Merida
205 | Monterrey | Monterrey
206 | Moncton | Moncton
207 | Managua | Managua
208 | Marigot | Marigot
209 | Martinique | Martinique
210 | Mazatlan | Mazatlan
211 | Menominee | Menominee
212 | Los Angeles | Los Angeles
213 | Lima | Lima
214 | Maceio | Maceio
215 | Manaus | Manaus
216 | Monticello | Monticello
217 | La Paz | La Paz
218 | Knox IN | Knox IN
219 | Jamaica | Jamaica
220 | Juneau | Juneau
221 | Louisville | Louisville
222 | Kentucky | Kentucky
223 | Vincennes | Vincennes
224 | Vevay | Vevay
225 | Iqaluit | Iqaluit
226 | Inuvik | Inuvik
227 | Marengo | Marengo
228 | Tell City | Tell City
229 | Winamac | Winamac
230 | Indiana | Indiana
231 | Knox | Knox
232 | Indianapolis | Indianapolis
233 | Petersburg | Petersburg
234 | Havana | Havana
235 | Halifax | Halifax
236 | Guyana | Guyana
237 | Hermosillo | Hermosillo
238 | Guadeloupe | Guadeloupe
239 | Guayaquil | Guayaquil
240 | Guatemala | Guatemala
241 | Dominica | Dominica
242 | Detroit | Detroit
243 | Grenada | Grenada
244 | Edmonton | Edmonton
245 | Eirunepe | Eirunepe
246 | Fortaleza | Fortaleza
247 | Fort Wayne | Fort Wayne
248 | Ensenada | Ensenada
249 | El Salvador | El Salvador
250 | Grand Turk | Grand Turk
251 | Goose Bay | Goose Bay
252 | Nuuk | Godthab
253 | Glace Bay | Glace Bay
254 | Danmarkshavn | Danmarkshavn
255 | Curacao | Curacao
256 | Cuiaba | Cuiaba
257 | Denver | Denver
258 | Dawson Creek | Dawson Creek
259 | Chihuahua | Chihuahua
260 | Coral Harbour | Coral Harbour
261 | Costa Rica | Costa Rica
262 | Dawson | Dawson
263 | Cayenne | Cayenne
264 | Cayman | Cayman
265 | Chicago | Chicago
266 | Boa Vista | Boa Vista
267 | Campo Grande | Campo Grande
268 | Cancun | Cancun
269 | Caracas | Caracas
270 | Belem | Belem
271 | Cambridge Bay | Cambridge Bay
272 | Boise | Boise
273 | Bogota | Bogota
274 | Bahia | Bahia
275 | Atka | Atka
276 | Barbados | Barbados
277 | Blanc-Sablon | Blanc-Sablon
278 | Belize | Belize
279 | Ushuaia | Ushuaia
280 | Aruba | Aruba
281 | Asuncion | Asuncion
282 | Atikokan | Atikokan
283 | San Juan | San Juan
284 | San Luis | San Luis
285 | Tucuman | Tucuman
286 | Jujuy | Jujuy
287 | Rio Gallegos | Rio Gallegos
288 | Cordoba | Cordoba
289 | Mendoza | Mendoza
290 | La Rioja | La Rioja
291 | ComodRivadavia | ComodRivadavia
292 | Buenos Aires | Buenos Aires
293 | Catamarca | Catamarca
294 | Anchorage | Anchorage
295 | Antigua | Antigua
296 | Anguilla | Anguilla
297 | Argentina | Argentina
298 | Araguaina | Araguaina
299 | Tunis | Tunis
300 | Tripoli | Tripoli
301 | Windhoek | Windhoek
302 | America | America
303 | Adak | Adak
304 | Ndjamena | Ndjamena
305 | Porto-Novo | Porto-Novo
306 | Ouagadougou | Ouagadougou
307 | Timbuktu | Timbuktu
308 | Sao Tome | Sao Tome
309 | Nairobi | Nairobi
310 | Monrovia | Monrovia
311 | Nouakchott | Nouakchott
312 | Niamey | Niamey
313 | Mogadishu | Mogadishu
314 | Maseru | Maseru
315 | Maputo | Maputo
316 | Mbabane | Mbabane
317 | Lome | Lome
318 | Lubumbashi | Lubumbashi
319 | Lusaka | Lusaka
320 | Malabo | Malabo
321 | Kigali | Kigali
322 | Libreville | Libreville
323 | Lagos | Lagos
324 | Luanda | Luanda
325 | Kampala | Kampala
326 | Johannesburg | Johannesburg
327 | Khartoum | Khartoum
328 | Kinshasa | Kinshasa
329 | Douala | Douala
330 | Freetown | Freetown
331 | Harare | Harare
332 | Gaborone | Gaborone
333 | Dar es Salaam | Dar es Salaam
334 | Djibouti | Djibouti
335 | El Aaiun | El Aaiun
336 | Conakry | Conakry
337 | Casablanca | Casablanca
338 | Dakar | Dakar
339 | Bissau | Bissau
340 | Bujumbura | Bujumbura
341 | Brazzaville | Brazzaville
342 | Cairo | Cairo
343 | Ceuta | Ceuta
344 | Bangui | Bangui
345 | Bamako | Bamako
346 | Banjul | Banjul
347 | Blantyre | Blantyre
348 | Addis Ababa | Addis Ababa
349 | Algiers | Algiers
350 | Asmara | Asmara
351 | Asmera | Asmera
352 | Yap | Yap
353 | Wallis | Wallis
354 | Abidjan | Abidjan
355 | Africa | Africa
356 | Accra | Accra
357 | Truk | Truk
358 | Tongatapu | Tongatapu
359 | Wake | Wake
360 | Samoa | Samoa
361 | Tahiti | Tahiti
362 | Tarawa | Tarawa
363 | Port Moresby | Port Moresby
364 | Ponape | Ponape
365 | Rarotonga | Rarotonga
366 | Saipan | Saipan
367 | Pago Pago | Pago Pago
368 | Palau | Palau
369 | Pitcairn | Pitcairn
370 | Noumea | Noumea
371 | Niue | Niue
372 | Norfolk | Norfolk
373 | Midway | Midway
374 | Marquesas | Marquesas
375 | Nauru | Nauru
376 | Kiritimati | Kiritimati
377 | Kosrae | Kosrae
378 | Kwajalein | Kwajalein
379 | Majuro | Majuro
380 | Honolulu | Honolulu
381 | Guam | Guam
382 | Johnston | Johnston
383 | Efate | Efate
384 | Guadalcanal | Guadalcanal
385 | Gambier | Gambier
386 | Galapagos | Galapagos
387 | Funafuti | Funafuti
388 | Fiji | Fiji
389 | Fakaofo | Fakaofo
390 | Enderbury | Enderbury
391 | Pacific | Pacific
392 | Reunion | Reunion
393 | Mayotte | Mayotte
394 | Chatham | Chatham
395 | Easter | Easter
396 | Mahe | Mahe
397 | Auckland | Auckland
398 | Apia | Apia
399 | Cocos | Cocos
400 | Comoro | Comoro
401 | Kerguelen | Kerguelen
402 | Mauritius | Mauritius
403 | Maldives | Maldives
404 | Indian | Indian
405 | Antananarivo | Antananarivo
406 | Christmas | Christmas
407 | Chagos | Chagos
408 | Volgograd | Volgograd
409 | Warsaw | Warsaw
410 | Zagreb | Zagreb
411 | Zaporozhye | Zaporozhye
412 | Zurich | Zurich
413 | Vatican | Vatican
414 | Vaduz | Vaduz
415 | Vienna | Vienna
416 | Vilnius | Vilnius
417 | Stockholm | Stockholm
418 | Tiraspol | Tiraspol
419 | Tirane | Tirane
420 | Tallinn | Tallinn
421 | Uzhgorod | Uzhgorod
422 | Simferopol | Simferopol
423 | Sofia | Sofia
424 | San Marino | San Marino
425 | Skopje | Skopje
426 | Sarajevo | Sarajevo
427 | Paris | Paris
428 | Oslo | Oslo
429 | Riga | Riga
430 | Samara | Samara
431 | Rome | Rome
432 | Moscow | Moscow
433 | Prague | Prague
434 | Podgorica | Podgorica
435 | Madrid | Madrid
436 | Minsk | Minsk
437 | Mariehamn | Mariehamn
438 | Malta | Malta
439 | Monaco | Monaco
440 | Kiev | Kiev
441 | Kaliningrad | Kaliningrad
442 | Ljubljana | Ljubljana
443 | Luxembourg | Luxembourg
444 | London | London
445 | Isle of Man | Isle of Man
446 | Helsinki | Helsinki
447 | Jersey | Jersey
448 | Lisbon | Lisbon
449 | København | Copenhagen
450 | Guernsey | Guernsey
451 | Gibraltar | Gibraltar
452 | Dublin | Dublin
453 | Brussels | Brussels
454 | Bucharest | Bucharest
455 | Chisinau | Chisinau
456 | Budapest | Budapest
457 | Belfast | Belfast
458 | Bratislava | Bratislava
459 | Berlin | Berlin
460 | Andorra | Andorra
461 | Athens | Athens
462 | Belgrade | Belgrade
463 | UCT | UCT
464 | UTC | UTC
465 | Europe | Europe
466 | Zulu | Zulu
467 | Amsterdam | Amsterdam
468 | Greenwich | Greenwich
469 | GMT0 | GMT0
470 | Universal | Universal
471 | GMT-9 | GMT-9
472 | GMT-7 | GMT-7
473 | GMT-5 | GMT-5
474 | GMT-8 | GMT-8
475 | GMT-4 | GMT-4
476 | GMT-3 | GMT-3
477 | GMT-6 | GMT-6
478 | GMT-13 | GMT-13
479 | GMT-12 | GMT-12
480 | GMT-2 | GMT-2
481 | GMT-14 | GMT-14
482 | GMT-0 | GMT-0
483 | GMT+9 | GMT+9
484 | GMT-1 | GMT-1
485 | GMT-11 | GMT-11
486 | GMT-10 | GMT-10
487 | GMT+6 | GMT+6
488 | GMT+5 | GMT+5
489 | GMT+7 | GMT+7
490 | GMT+8 | GMT+8
491 | GMT+1 | GMT+1
492 | GMT+12 | GMT+12
493 | GMT+2 | GMT+2
494 | GMT+3 | GMT+3
495 | GMT+4 | GMT+4
496 | Etc | Etc
497 | GMT+0 | GMT+0
498 | GMT+11 | GMT+11
499 | GMT+10 | GMT+10
500 | GMT | GMT
501 | 
 | Your new WordPress site has been successfully set up at:

%1$s

You can log in to the administrator account with the following information:

Username: %2$s
Password: %3$s
Log in here: %4$s

We hope you enjoy your new site. Thanks!

&#8211;The WordPress Team
https://wordpress.org/
502 | Tullia | Next